Company;Year;ISIN;restatement;SR;NFE;Date SRNFE;Date AR;ReportSize SRNFE;ReportSentence SRNFE;ReportWords SRNFE;GRI;Keywords;KeywordsClean;SentenceRestatement;ReportSize AR;ReportSentence AR;ReportWords AR
ceconomy ag (metro ag) sr;2008;fehlt;0;1;0;11.05.2009;fehlt;19;1451;4029;1;fehlt;fehlt;fehlt;fehlt;fehlt;fehlt;D:\Berichte\Ceconomy AG (Metro AG) SR 2008.pdf
celesio ag;2020;fehlt;0;1;0;09.11.2020;fehlt;55;1930;19507;1;fehlt;fehlt;fehlt;fehlt;fehlt;fehlt;D:\Berichte\CELESIO AG2020_SR.pdf
duerr ag;2011;fehlt;0;1;0;04.12.2012;fehlt;18;1782;4467;0;fehlt;fehlt;fehlt;fehlt;fehlt;fehlt;D:\Berichte\Duerr AG2011_SR.pdf
elmos semiconductor;2017;fehlt;0;0;1;09.11.2020;fehlt;3;444;941;0;fehlt;fehlt;fehlt;fehlt;fehlt;fehlt;D:\Berichte\Elmos Semiconductor2017_NFE.pdf
elmos semiconductor;2018;fehlt;0;0;1;09.11.2020;fehlt;2;438;967;0;fehlt;fehlt;fehlt;fehlt;fehlt;fehlt;D:\Berichte\Elmos Semiconductor2018_NFE.pdf
elmos semiconductor;2020;fehlt;0;0;1;07.06.2021;fehlt;3;340;1865;0;fehlt;fehlt;fehlt;fehlt;fehlt;fehlt;D:\Berichte\Elmos Semiconductor2020_NFE.pdf
encavis;2020;fehlt;0;1;0;23.03.2021;fehlt;42;1042;9691;0;fehlt;fehlt;fehlt;fehlt;fehlt;fehlt;D:\Berichte\ENCAVIS2020_SR.pdf
fresenius se;2018;fehlt;0;0;1;31.05.2020;fehlt;39;4895;20602;1;fehlt;fehlt;fehlt;fehlt;fehlt;fehlt;D:\Berichte\Fresenius SE2018_NFE.pdf
gerry weber internat;2018;fehlt;0;0;1;15.01.2020;fehlt;34;5949;7460;1;fehlt;fehlt;fehlt;fehlt;fehlt;fehlt;D:\Berichte\Gerry Weber Internat2018_NFE .pdf
gerry weber;2019;fehlt;0;0;1;23.03.2020;fehlt;25;5017;5826;0;fehlt;fehlt;fehlt;fehlt;fehlt;fehlt;D:\Berichte\Gerry Weber2019_NFE.pdf
gesco;2020;fehlt;0;0;1;26.04.2021;fehlt;14;1166;3674;1;fehlt;fehlt;fehlt;fehlt;fehlt;fehlt;D:\Berichte\Gesco2020_NFB.pdf
jenoptik ag_nfe_;2017;fehlt;0;0;1;20.03.2018;fehlt;13;1168;5380;1;fehlt;fehlt;fehlt;fehlt;fehlt;fehlt;D:\Berichte\Jenoptik AG_NFE_2017.pdf
jenoptik ag_nfe_;2018;fehlt;0;0;1;17.11.2019;fehlt;17;1379;6725;1;fehlt;fehlt;fehlt;fehlt;fehlt;fehlt;D:\Berichte\Jenoptik AG_NFE_2018.pdf
sgl carbon se_nfe_;2018;fehlt;0;0;1;27.03.2019;27.03.2019;1;4;5;0;fehlt;fehlt;fehlt;1;2;5;D:\Berichte\SGL Carbon SE_NFE_2018.pdf
sma solar technol. ag_sr_;2013;fehlt;0;1;0;23.05.2014;23.05.2014;39;865;9625;1;fehlt;fehlt;fehlt;39;836;9625;D:\Berichte\SMA Solar Technol. AG_SR_2013.pdf
ahlers;2018;fehlt;1;0;1;09.11.2020;fehlt;15;1255;5699;1;zahl.*vorjahr;zahl vorjahr;soweit möglich sind vergleichszahlen des vorjahres in dieser;fehlt;fehlt;fehlt;D:\Berichte\Ahlers2018_NFE.pdf
ahlers;2018;fehlt;1;0;1;09.11.2020;fehlt;15;1255;5699;1;bericht.*vorjahr;bericht vorjahr;weder im berichtsjahr noch im vorjahr gab es bestätigte korruptionsvorfälle;fehlt;fehlt;fehlt;D:\Berichte\Ahlers2018_NFE.pdf
ahlers;2018;fehlt;1;0;1;09.11.2020;fehlt;15;1255;5699;1;vorjahr.*vorjahr;vorjahr vorjahr;deutschland umfasst der führungskreis 52 mitarbeiter (vorjahr 61), wovon 11 frauen sind (21 prozent vorjahr 20 prozent);fehlt;fehlt;fehlt;D:\Berichte\Ahlers2018_NFE.pdf
ahlers;2018;fehlt;1;0;1;09.11.2020;fehlt;15;1255;5699;1;vorjahr.*vorjahr;vorjahr vorjahr;2017/18 % vorjahr % 2017/18 % vorjahr %;fehlt;fehlt;fehlt;D:\Berichte\Ahlers2018_NFE.pdf
ahlers;2018;fehlt;1;0;1;09.11.2020;fehlt;15;1255;5699;1;vorjahr.*bericht;vorjahr bericht;wie im vorjahr durchliefen daher im berichtsjahr alle neuen lieferanten aus-;fehlt;fehlt;fehlt;D:\Berichte\Ahlers2018_NFE.pdf
ahlers;2018;fehlt;1;0;1;09.11.2020;fehlt;15;1255;5699;1;^\Wvorjahr;vorjahr;(vorjahr rund 10 prozent);fehlt;fehlt;fehlt;D:\Berichte\Ahlers2018_NFE.pdf
baywa;2018;DE0005194062;1;1;0;03.04.2019;fehlt;93;3786;28139;1;daten.*vorjahr;daten vorjahr;wo verfügbar, werden vergleichsdaten aus dem vorjahr angegeben;fehlt;fehlt;fehlt;D:\Berichte\BayWa2018_SR.pdf
baywa;2018;DE0005194062;1;1;0;03.04.2019;fehlt;93;3786;28139;1;daten.*korrigier;daten korrigier;die daten 2017 wurden im vorliegenden bericht entspre-chend korrigiert;fehlt;fehlt;fehlt;D:\Berichte\BayWa2018_SR.pdf
baywa;2018;DE0005194062;1;1;0;03.04.2019;fehlt;93;3786;28139;1;bericht.*korrektur;bericht korrektur;weitere neudarstellungen im vergleich zu früheren berichten auf-grund von korrekturen, der rückwirkenden erfassung sowie verän-derter erfassungssystematik werden im bedarfsfall über fußnoten kenntlich gemacht und, sofern möglich, begründet;fehlt;fehlt;fehlt;D:\Berichte\BayWa2018_SR.pdf
baywa;2018;DE0005194062;1;1;0;03.04.2019;fehlt;93;3786;28139;1;vorjahr.*wert;vorjahr wert;euro über dem vorjahreswert;fehlt;fehlt;fehlt;D:\Berichte\BayWa2018_SR.pdf
baywa;2018;DE0005194062;1;1;0;03.04.2019;fehlt;93;3786;28139;1;angepasst.*bericht;angepasst bericht;vorjahr angepasst und daher nicht mit angaben im bericht 2017 vergleichbar;fehlt;fehlt;fehlt;D:\Berichte\BayWa2018_SR.pdf
baywa;2018;DE0005194062;1;1;0;03.04.2019;fehlt;93;3786;28139;1;angepasst.*bericht;angepasst bericht;vorjahr angepasst und daher nicht mit angaben im bericht 2017 vergleichbar;fehlt;fehlt;fehlt;D:\Berichte\BayWa2018_SR.pdf
baywa;2018;DE0005194062;1;1;0;03.04.2019;fehlt;93;3786;28139;1;angepasst.*bericht;angepasst bericht;vorjahr angepasst und daher nicht mit angaben im bericht 2017 vergleichbar;fehlt;fehlt;fehlt;D:\Berichte\BayWa2018_SR.pdf
baywa;2018;DE0005194062;1;1;0;03.04.2019;fehlt;93;3786;28139;1;wert.*vorjahr;wert vorjahr;1 in diesem kapitel liegen aufgrund der veränderten erfassungsmethode für die tochtergesellschaften keine vergleichswerte aus dem vorjahr vor;fehlt;fehlt;fehlt;D:\Berichte\BayWa2018_SR.pdf
baywa;2018;DE0005194062;1;1;0;03.04.2019;fehlt;93;3786;28139;1;daten.*aktualisier;daten aktualisier;entsprechend gesetzlichen bestimmungen versendet die baywa sicherheitsdatenblätter und deren aktualisierungen direkt an berufsmäßige verwender und hält rund 17;fehlt;fehlt;fehlt;D:\Berichte\BayWa2018_SR.pdf
baywa;2018;DE0005194062;1;1;0;03.04.2019;fehlt;93;3786;28139;1;daten.*aktualisier;daten aktualisier;die sicherheitsdatenblätter regelmä-ßig aktualisiert werden;fehlt;fehlt;fehlt;D:\Berichte\BayWa2018_SR.pdf
ceconomy ag (metro ag) sr_;2010;fehlt;1;1;0;18.05.2011;fehlt;27;1589;3229;0;zahl.*anpass;zahl anpass;indeutschlandistdiemitarbeiterzahl aufgrund von anpassungen imstandortportfolio sowie interner umstrukturie-rungsmaßnahmenleichtzurückgegangen;fehlt;fehlt;fehlt;D:\Berichte\Ceconomy AG (Metro AG) SR_2010.pdf
ceconomy ag (metro ag) sr_;2012;fehlt;1;1;0;27.03.2013;fehlt;94;3927;25358;1;bericht.*angepasst;bericht angepasst;um eine höhere transpa-renz hinsichtlich der direkt oder indi-rekt von uns verursachten treibhaus-gasemissionen zu schaffen, haben wir im geschäftsjahr 2011 das berichtswe-sen für unsere klimabilanz deutlich erweitert und unser bisheriges klima-schutzziel entsprechend überarbeitet und angepasst;fehlt;fehlt;fehlt;D:\Berichte\Ceconomy AG (Metro AG) SR_2012.pdf
ceconomy ag (metro ag) sr_;2012;fehlt;1;1;0;27.03.2013;fehlt;94;3927;25358;1;vorjahr.*daten;vorjahr daten;wo uns für die vorjahre gemessene oder abgelesene daten nicht vorliegen, haben wir dies kenntlich gemacht;fehlt;fehlt;fehlt;D:\Berichte\Ceconomy AG (Metro AG) SR_2012.pdf
ceconomy ag (metro ag) sr_;2012;fehlt;1;1;0;27.03.2013;fehlt;94;3927;25358;1;anpass.*zahl;anpass zahl;anpassung der standards für arbeitssicherheit und gesund-heitsschutz der metro group durch festlegung von einheit-lichen kennzahlen und verfügbarmachung von weiteren leit-linien und normen, vorzugsweise in verbindung zur occupa-tional health and safety assessment series (ohsas) 18002;fehlt;fehlt;fehlt;D:\Berichte\Ceconomy AG (Metro AG) SR_2012.pdf
ceconomy ag (metro ag) sr_;2014;fehlt;1;1;0;11.12.2014;fehlt;60;1753;19894;1;anpass.*standard;anpass standard;bei weniger schwerwiegenden fehlern bitten wir um eine entsprechende anpassung an unsere standards, bieten hilfe an und geben einen zeitlichen rahmen für die umsetzung vor;fehlt;fehlt;fehlt;D:\Berichte\Ceconomy AG (Metro AG) SR_2014.pdf
ceconomy ag (metro ag) sr_;2014;fehlt;1;1;0;11.12.2014;fehlt;60;1753;19894;1;zahl.*bereinig;zahl bereinig;1 anders als in den vorjahren führen wir ab diesem berichtszeitraum bei den umweltkennzahlen keine portfoliobereinigungen (verkäufe von real in polen, russland, der ukraine, rumänien und der türkei im jahr 2012 beziehungsweise 2013) mehr durch;fehlt;fehlt;fehlt;D:\Berichte\Ceconomy AG (Metro AG) SR_2014.pdf
ceconomy ag (metro ag) sr_;2014;fehlt;1;1;0;11.12.2014;fehlt;60;1753;19894;1;daten.*vorjahr;daten vorjahr;daher weichen die in diesem bericht genannten vorjahresdaten und die werte des basisjahres 2011 von den in vorjahren berichteten ab;fehlt;fehlt;fehlt;D:\Berichte\Ceconomy AG (Metro AG) SR_2014.pdf
ceconomy ag (metro ag) sr_;2014;fehlt;1;1;0;11.12.2014;fehlt;60;1753;19894;1;bericht.*korrektur;bericht korrektur;zusätzlich ergeben sich abweichungen zu in früheren berichten genannten emissionsmengen aus der aktualisierung von emissionsfaktoren und korrekturen von schätzungen;fehlt;fehlt;fehlt;D:\Berichte\Ceconomy AG (Metro AG) SR_2014.pdf
ceconomy ag (metro ag) sr_;2016;fehlt;1;1;0;14.12.2016;fehlt;162;4492;38257;1;bericht.*korrektur;bericht korrektur;imberichtszeitraum konnten insgesamt 74 prozent der produ-zenten mit deal-breaker-befund verbesserungen nach-weisen, 26 produzenten wurden infolge nicht ausreichenderkorrekturmaßnahmen für weitere aufträge gesperrt;fehlt;fehlt;fehlt;D:\Berichte\Ceconomy AG (Metro AG) SR_2016.pdf
ceconomy ag (metro ag) sr_;2016;fehlt;1;1;0;14.12.2016;fehlt;162;4492;38257;1;anpass.*wert;anpass wert;1 anpassung der jahreswerte 2014/15 auf sozialaudits bei fabriken bezogen aufeigenimporte durch mgb hongkong 2014/15 zusätzlich fabriken bezogen aufnichtlebensmitteleigenmarken der vertriebslinien der metro group;fehlt;fehlt;fehlt;D:\Berichte\Ceconomy AG (Metro AG) SR_2016.pdf
ceconomy ag (metro ag) sr_;2016;fehlt;1;1;0;14.12.2016;fehlt;162;4492;38257;1;anpass.*wert;anpass wert;2 anpassung der jahreswerte 2015/16 aufgrund der veräußerung der ehemali-gen metro group vertriebslinie galeria kaufhof;fehlt;fehlt;fehlt;D:\Berichte\Ceconomy AG (Metro AG) SR_2016.pdf
ceconomy ag (metro ag) sr_;2016;fehlt;1;1;0;14.12.2016;fehlt;162;4492;38257;1;anpass.*wert;anpass wert;3 anpassung des bsci bewertungssystems ab 2015 von 3 bewertungen (good /improvements needed / non-compliant) auf 5 bewertungen (a/b/c/d/e);fehlt;fehlt;fehlt;D:\Berichte\Ceconomy AG (Metro AG) SR_2016.pdf
ceconomy ag (metro ag) sr_;2016;fehlt;1;1;0;14.12.2016;fehlt;162;4492;38257;1;angepasst.*zahl;angepasst zahl;da die potenziale und voraussetzungen der einzelnenproduktgruppen sowie die möglichkeiten, nachhaltigeprodukte zu beschaffen, unterschiedlich sind, gibt es für jedenbereich angepasste ziele, die dann alle gemeinsam auf dasgesamtziel einzahlen;fehlt;fehlt;fehlt;D:\Berichte\Ceconomy AG (Metro AG) SR_2016.pdf
ceconomy ag (metro ag) sr_;2016;fehlt;1;1;0;14.12.2016;fehlt;162;4492;38257;1;daten.*aktualisier;daten aktualisier;die datenbasis für diesesmodell haben wir im berichtsjahr auf den aktuell verfügbaren datenstand (2011) aktualisiert;fehlt;fehlt;fehlt;D:\Berichte\Ceconomy AG (Metro AG) SR_2016.pdf
ceconomy ag (metro ag) sr_;2016;fehlt;1;1;0;14.12.2016;fehlt;162;4492;38257;1;wert.*vorjahr;wert vorjahr;die mitarbeiterkennzahlen und die kennzahlen zur wertschöpfung berücksichtigen galeria kaufhof auch für die darstellung dervorjahre nicht mehr;fehlt;fehlt;fehlt;D:\Berichte\Ceconomy AG (Metro AG) SR_2016.pdf
ceconomy ag (metro ag) sr_;2016;fehlt;1;1;0;14.12.2016;fehlt;162;4492;38257;1;bericht.*aktualisier;bericht aktualisier;es ergeben sich abweichungen zu in früheren berichten genannten treibhausgasemissionen aus der aktualisierung von emis-sionsfaktoren;fehlt;fehlt;fehlt;D:\Berichte\Ceconomy AG (Metro AG) SR_2016.pdf
ceconomy ag (metro ag) sr_;2016;fehlt;1;1;0;14.12.2016;fehlt;162;4492;38257;1;vorjahr.*angepasst;vorjahr angepasst;die vorjahre haben wir entsprechend angepasst;fehlt;fehlt;fehlt;D:\Berichte\Ceconomy AG (Metro AG) SR_2016.pdf
ceconomy ag (metro ag) sr_;2016;fehlt;1;1;0;14.12.2016;fehlt;162;4492;38257;1;zahl.*angepasst;zahl angepasst;alle mitarbeiterkennzahlen wurdenauch für die vorjahre angepasst;fehlt;fehlt;fehlt;D:\Berichte\Ceconomy AG (Metro AG) SR_2016.pdf
ceconomy ag (metro ag) sr_;2016;fehlt;1;1;0;14.12.2016;fehlt;162;4492;38257;1;anpass.*wert;anpass wert;1 anpassung der jahreswerte 2014/15 auf sozialaudits bei fabriken bezogen auf eigenimporte durch mgb hongkong 2014/15 zusätzlich fabriken bezogen auf nichtle-bensmitteleigenmarken der vertriebslinien der metro group;fehlt;fehlt;fehlt;D:\Berichte\Ceconomy AG (Metro AG) SR_2016.pdf
ceconomy ag (metro ag) sr_;2016;fehlt;1;1;0;14.12.2016;fehlt;162;4492;38257;1;anpass.*wert;anpass wert;2 anpassung der jahreswerte 2015/16 aufgrund der veräußerung der ehemaligen metro group vertriebslinie galeria kaufhof;fehlt;fehlt;fehlt;D:\Berichte\Ceconomy AG (Metro AG) SR_2016.pdf
ceconomy ag (metro ag) sr_;2016;fehlt;1;1;0;14.12.2016;fehlt;162;4492;38257;1;anpass.*wert;anpass wert;3 anpassung des bsci bewertungssystems ab 2015 von 3 bewertungen (good / improvements needed / non-compliant) auf 5 bewertungen (a/b/c/d/e);fehlt;fehlt;fehlt;D:\Berichte\Ceconomy AG (Metro AG) SR_2016.pdf
ceconomy ag (metro ag) sr_;2016;fehlt;1;1;0;14.12.2016;fehlt;162;4492;38257;1;bericht.*korrigier;bericht korrigier;1 gegenüber bericht 2014/15 korrigiert;fehlt;fehlt;fehlt;D:\Berichte\Ceconomy AG (Metro AG) SR_2016.pdf
dt.telekom ag;2019;fehlt;1;1;0;08.07.2020;fehlt;114;3689;46330;1;wert.*angepasst;wert angepasst;nachdem wir zuletzt 2018 eine umfassende analyse unserer wesentli-chen themen durchgeführt und diese in einem internen workshop vali-diert hatten, wurde die themenbewertung für den vorliegenden bericht erneut angepasst;fehlt;fehlt;fehlt;D:\Berichte\DT.TELEKOM AG2019_SR.pdf
dt.telekom ag;2019;fehlt;1;1;0;08.07.2020;fehlt;114;3689;46330;1;aktualisier.*vorjahr;aktualisier vorjahr;aufgrund der jährlichen aktualisierung der berechnungsbasis sind vorjahresvergleiche gegebenenfalls wenig aussagekräftig;fehlt;fehlt;fehlt;D:\Berichte\DT.TELEKOM AG2019_SR.pdf
dt.telekom ag;2019;fehlt;1;1;0;08.07.2020;fehlt;114;3689;46330;1;vorjahr.*wert;vorjahr wert;esg kpi „nachhaltiger einkauf“der esg kpi „nachhaltiger einkauf“ blieb gegenüber dem vorjahres-wert auf einem stabilen niveau;fehlt;fehlt;fehlt;D:\Berichte\DT.TELEKOM AG2019_SR.pdf
dt.telekom ag;2019;fehlt;1;1;0;08.07.2020;fehlt;114;3689;46330;1;anpass.*daten;anpass daten;  jährliche überprüfung und anpassung der maßnahmen wir führen alle zwei jahre ein sogenanntes konzerndatenschutz- audit durch, mit dem ziel, das allgemeine datenschutzniveau  konzernweit zu messen und zu verbessern;fehlt;fehlt;fehlt;D:\Berichte\DT.TELEKOM AG2019_SR.pdf
dt.telekom ag;2019;fehlt;1;1;0;08.07.2020;fehlt;114;3689;46330;1;daten.*angepasst;daten angepasst;dies gilt für neu entwickelte systeme ebenso wie für bestehende, die technisch oder in der art der datenverarbeitung angepasst werden;fehlt;fehlt;fehlt;D:\Berichte\DT.TELEKOM AG2019_SR.pdf
dt.telekom ag;2019;fehlt;1;1;0;08.07.2020;fehlt;114;3689;46330;1;zahl.*bereinig;zahl bereinig;diese kennzahl wird um sondereinflüsse für restrukturierungsmaßnahmen im zusam-menhang mit personellen umbaumaßnahmen (individuelle abbauinst-rumente) bereinigt;fehlt;fehlt;fehlt;D:\Berichte\DT.TELEKOM AG2019_SR.pdf
dt.telekom ag;2019;fehlt;1;1;0;08.07.2020;fehlt;114;3689;46330;1;bereinig.*vorjahr;bereinig vorjahr;die bereinigte quote des gesamtkonzerns ist im jahr 2019 gegenüber dem vorjahr um 0,9 prozentpunkte gesunken;fehlt;fehlt;fehlt;D:\Berichte\DT.TELEKOM AG2019_SR.pdf
dt.telekom ag;2019;fehlt;1;1;0;08.07.2020;fehlt;114;3689;46330;1;wert.*vorjahr;wert vorjahr;werte sind mit den vorjahreswerten nicht direkt ver-gleichbar;fehlt;fehlt;fehlt;D:\Berichte\DT.TELEKOM AG2019_SR.pdf
dt.telekom ag;2019;fehlt;1;1;0;08.07.2020;fehlt;114;3689;46330;1;scope.*vorjahr;scope vorjahr;entwicklung gegenüber vorjahr: die nach „market-based“ methode berechneten scope-2-emissionen sind gegenüber dem vorjahr um über 20% gesunken;fehlt;fehlt;fehlt;D:\Berichte\DT.TELEKOM AG2019_SR.pdf
dt.telekom ag;2019;fehlt;1;1;0;08.07.2020;fehlt;114;3689;46330;1;vorjahr.*daten;vorjahr daten;anders als der in den vorjahren genutzte esg kpi „energieverbrauch“ setzt dieser den energieverbrauch ins verhältnis zum bewältigten datenvolumen;fehlt;fehlt;fehlt;D:\Berichte\DT.TELEKOM AG2019_SR.pdf
dt.telekom ag;2019;fehlt;1;1;0;08.07.2020;fehlt;114;3689;46330;1;vorjahr.*daten;vorjahr daten;anders als der in den vorjahren genutzte esg kpi „energieverbrauch“ setzt dieser den energieverbrauch ins verhältnis zum bewältigten datenvolumen;fehlt;fehlt;fehlt;D:\Berichte\DT.TELEKOM AG2019_SR.pdf
dt.telekom ag;2019;fehlt;1;1;0;08.07.2020;fehlt;114;3689;46330;1;method.*angepasst;method angepasst;in 2017 wurde die berechnungs-methode angepasst;fehlt;fehlt;fehlt;D:\Berichte\DT.TELEKOM AG2019_SR.pdf
dt.telekom ag;2019;fehlt;1;1;0;08.07.2020;fehlt;114;3689;46330;1;wert.*vorjahr;wert vorjahr;werte sind mit den vorjahreswerten nicht direkt vergleichbar;fehlt;fehlt;fehlt;D:\Berichte\DT.TELEKOM AG2019_SR.pdf
dt.telekom ag;2019;fehlt;1;1;0;08.07.2020;fehlt;114;3689;46330;1;zahl.*vorjahr;zahl vorjahr;anzahl fahrzeugedie gesamtzahl unserer fahrzeuge ist gegenüber dem vorjahr um rund 1 prozent gesunken;fehlt;fehlt;fehlt;D:\Berichte\DT.TELEKOM AG2019_SR.pdf
dt.telekom ag;2019;fehlt;1;1;0;08.07.2020;fehlt;114;3689;46330;1;zahl.*vorjahr;zahl vorjahr;die gesamtzahl unserer fahrzeuge mit alternativen antrieben hat sich gegenüber dem vorjahr mehr als verdoppelt;fehlt;fehlt;fehlt;D:\Berichte\DT.TELEKOM AG2019_SR.pdf
dt.telekom ag;2019;fehlt;1;1;0;08.07.2020;fehlt;114;3689;46330;1;vorjahr.*zahl;vorjahr zahl;betriebliche altersvorsorgeder anstieg im fondsvermögen ist (wie bereits in den vorjahren) durch die beitragszahlungen der zunehmenden anzahl von planteilnehmern begründet;fehlt;fehlt;fehlt;D:\Berichte\DT.TELEKOM AG2019_SR.pdf
dt.telekom ag;2019;fehlt;1;1;0;08.07.2020;fehlt;114;3689;46330;1;vorjahr.*wert;vorjahr wert;die zurückgegangene zahl im vergleich der vorjahreswerte ist im einklang mit der allgemeinen beschäftigungsentwicklung der deutschen telekom;fehlt;fehlt;fehlt;D:\Berichte\DT.TELEKOM AG2019_SR.pdf
dt.telekom ag;2019;fehlt;1;1;0;08.07.2020;fehlt;114;3689;46330;1;bericht.*aktualisier;bericht aktualisier;bis ende des berichtsjahres 2019 wurden insgesamt 92 nationale und internationale standorte gemäß den normen iso 45001 und iso 14001 auditiert und die zertifikate aktualisiert;fehlt;fehlt;fehlt;D:\Berichte\DT.TELEKOM AG2019_SR.pdf
dt.telekom ag;2019;fehlt;1;1;0;08.07.2020;fehlt;114;3689;46330;1;zahl.*vorjahr;zahl vorjahr;  die gesamtzahl der arbeitsunfälle hat sich im berichtsjahr gegen-über dem vorjahr weiter verringert;fehlt;fehlt;fehlt;D:\Berichte\DT.TELEKOM AG2019_SR.pdf
dt.telekom ag;2019;fehlt;1;1;0;08.07.2020;fehlt;114;3689;46330;1;zahl.*vorjahr;zahl vorjahr;in unserem operativen segment europa sank die mitarbeiterzahl verglichen zu dem vorjahres-ende um 7,4 %;fehlt;fehlt;fehlt;D:\Berichte\DT.TELEKOM AG2019_SR.pdf
dt.telekom ag;2019;fehlt;1;1;0;08.07.2020;fehlt;114;3689;46330;1;bereinig.*wert;bereinig wert;intensive entwicklung und bereinigung des ipr-portfolios sichert die werthaltigkeit des bestands sowie den strategischen fit mit den stoß-richtungen unseres konzerns;fehlt;fehlt;fehlt;D:\Berichte\DT.TELEKOM AG2019_SR.pdf
elringklinger ag;2020;fehlt;1;1;0;29.10.2021;fehlt;30;1017;10532;0;vorjahr.*wert;vorjahr wert;je eine million euro umsatz verringerte elringklinger den co2-aus-stoß gegenüber dem vorjahreswert sogar um knapp 9 %;fehlt;fehlt;fehlt;D:\Berichte\ELRINGKLINGER AG2020_SR.pdf
elringklinger ag;2020;fehlt;1;1;0;29.10.2021;fehlt;30;1017;10532;0;vorjahr.*wert;vorjahr wert;so blieben die investitionen in sachanlagen und als finanzinvestition gehaltene immobilien gut ein drittel hinter dem vorjahreswert zurück;fehlt;fehlt;fehlt;D:\Berichte\ELRINGKLINGER AG2020_SR.pdf
elringklinger ag;2020;fehlt;1;1;0;29.10.2021;fehlt;30;1017;10532;0;standard.*angepasst;standard angepasst;falls es doch zu  einem unfall kommt, werden ursache und hergang genau analysiert und bestehende sicherheitsstandards gegebenen-falls angepasst;fehlt;fehlt;fehlt;D:\Berichte\ELRINGKLINGER AG2020_SR.pdf
fres.med.care kgaa;2017;fehlt;1;0;1;31.05.2020;31.05.2020;19;1279;9513;1;wert.*aktualisier;wert aktualisier;um mitar-beitern eine noch bessere orientierung bezüg-lich der globalen werte des unternehmens zu bieten, werden die werte derzeit aktualisiert und noch genauer spezifiziert;19;1163;9513;D:\Berichte\FRES.MED.CARE KGAA2017_NFE.pdf
fres.med.care kgaa;2018;fehlt;1;0;1;31.05.2020;31.05.2020;24;2461;13101;1;aktualisier.*wert;aktualisier wert;rung des aktualisierten wertesystems wird im jahr 2019 abge-;24;2255;13101;D:\Berichte\FRES.MED.CARE KGAA2018_NFE.pdf
fres.med.care kgaa;2018;fehlt;1;0;1;31.05.2020;31.05.2020;24;2461;13101;1;vorjahr.*wert;vorjahr wert;vorjahreswert zur abdeckung der dialysezentren wurde ent-;24;2255;13101;D:\Berichte\FRES.MED.CARE KGAA2018_NFE.pdf
fres.med.care kgaa;2018;fehlt;1;0;1;31.05.2020;31.05.2020;24;2461;13101;1;vorjahr.*zahl;vorjahr zahl;gleich zum vorjahr um 1 % sinkende mitarbeiteranzahl ist vor;24;2255;13101;D:\Berichte\FRES.MED.CARE KGAA2018_NFE.pdf
fres.med.care kgaa;2018;fehlt;1;0;1;31.05.2020;31.05.2020;24;2461;13101;1;zahl.*angepasst;zahl angepasst;die vorjahreszahlen wurden aufgrund der höheren abdeckungsrate angepasst, um der darstellung des aktuellen geschäftsjahres zu entsprechen;24;2255;13101;D:\Berichte\FRES.MED.CARE KGAA2018_NFE.pdf
fres.med.care kgaa;2018;fehlt;1;0;1;31.05.2020;31.05.2020;24;2461;13101;1;zahl.*angepasst;zahl angepasst;die vorjahreszahlen wurden aufgrund der höheren abdeckungsrate angepasst, um der darstellung des aktuellen geschäftsjahres zu entsprechen;24;2255;13101;D:\Berichte\FRES.MED.CARE KGAA2018_NFE.pdf
gea group ag;2019;fehlt;1;1;0;16.03.2020;fehlt;52;2891;19098;1;vorjahr.*zahl;vorjahr zahl;im vergleich zum vorjahr ging die anzahl der unfälle spürbar zurück (-4,5 prozent);fehlt;fehlt;fehlt;D:\Berichte\GEA GROUP AG2019_SR.pdf
gea group ag;2019;fehlt;1;1;0;16.03.2020;fehlt;52;2891;19098;1;bericht.*vorjahr;bericht vorjahr;im berichtsjahr wurden 232 unfälle (vorjahr: 243) gemeldet, wobei 264 standorte;fehlt;fehlt;fehlt;D:\Berichte\GEA GROUP AG2019_SR.pdf
gea group ag;2019;fehlt;1;1;0;16.03.2020;fehlt;52;2891;19098;1;vorjahr.*scope;vorjahr scope;vorjahreswert liegendem umsatz weniger treibhausgase (scope 1);fehlt;fehlt;fehlt;D:\Berichte\GEA GROUP AG2019_SR.pdf
gea group ag;2019;fehlt;1;1;0;16.03.2020;fehlt;52;2891;19098;1;bericht.*vorjahr;bericht vorjahr;im berichtsjahr fanden insgesamt 426 überprüfungen (vorjahr 492);fehlt;fehlt;fehlt;D:\Berichte\GEA GROUP AG2019_SR.pdf
gea group ag;2019;fehlt;1;1;0;16.03.2020;fehlt;52;2891;19098;1;^\Wvorjahr;vorjahr;(vorjahr 492) bei lieferanten statt;fehlt;fehlt;fehlt;D:\Berichte\GEA GROUP AG2019_SR.pdf
gea group ag;2019;fehlt;1;1;0;16.03.2020;fehlt;52;2891;19098;1;bericht.*aktualisier;bericht aktualisier;begegnet gea diesen risiken mit einem im berichtsjahr aktualisierten compliance-manage-;fehlt;fehlt;fehlt;D:\Berichte\GEA GROUP AG2019_SR.pdf
gea group ag;2019;fehlt;1;1;0;16.03.2020;fehlt;52;2891;19098;1;aktualisier.*zahl;aktualisier zahl;angabe 102-43zur absicherung der aktualisierten wesentlichkeitsanalyse wurden wieder zahlreiche quellen;fehlt;fehlt;fehlt;D:\Berichte\GEA GROUP AG2019_SR.pdf
gesco;2018;fehlt;1;1;0;05.07.2018;fehlt;14;332;4149;1;bericht.*vorjahr;bericht vorjahr;im berichtszeitraum wurde die im vorjahr erworbene pickhardt & gerlach-gruppe in das berichtswesen und die abläufe der gesco-gruppe integriert;fehlt;fehlt;fehlt;D:\Berichte\Gesco2018_SR.pdf
gesco;2019;fehlt;1;0;1;04.07.2019;fehlt;20;1267;4617;1;vorjahr.*bericht;vorjahr bericht;das wir im vorjahr ausführlich berichtet hatten;fehlt;fehlt;fehlt;D:\Berichte\Gesco2019_NFB.pdf
gk software;2019;fehlt;1;1;0;17.04.2020;17.04.2020;31;781;4243;0;zahl.*anpass;zahl anpass;periodischwerdenausgewähltekennzahlendurchdenvorstandüberprüft,welchediegrundlagefürmaßnahmenundanpassungenderzielebilden;31;777;4243;D:\Berichte\GK SOFTWARE2019_SR.pdf
gk software;2019;fehlt;1;1;0;17.04.2020;17.04.2020;31;781;4243;0;vorjahr.*daten;vorjahr daten;im gegensatz zum vorjahr werden ausschließlich die daten der deutschen niederlassungen zugrundegelegt,umverzerrungenzuvermeiden;31;777;4243;D:\Berichte\GK SOFTWARE2019_SR.pdf
gk software;2019;fehlt;1;1;0;17.04.2020;17.04.2020;31;781;4243;0;vorjahr.*wert;vorjahr wert;der vergleich mit dem vorjahrzeigt,dassdergesamtwertannäherndaufdemgleichenniveaugebliebenist;31;777;4243;D:\Berichte\GK SOFTWARE2019_SR.pdf
hornbachholding;2018;fehlt;1;1;0;16.05.2018;fehlt;14;919;4500;0;bericht.*vorjahr;bericht vorjahr;berichtsjahr keine fälle (vorjahr: keine), in denen hornbach die geschäftsbeziehung zum lieferanten been-;fehlt;fehlt;fehlt;D:\Berichte\HornbachHolding2018_SR.pdf
hornbachholding;2018;fehlt;1;1;0;16.05.2018;fehlt;14;919;4500;0;^\Wvorjahr;vorjahr;(vorjahr: 3925), die unabhängige prüfinstitute im auftrag von hornbach tätig waren;fehlt;fehlt;fehlt;D:\Berichte\HornbachHolding2018_SR.pdf
hornbachholding;2018;fehlt;1;1;0;16.05.2018;fehlt;14;919;4500;0;vorjahr.*bericht;vorjahr bericht;konzernweit schlossen 362 (vorjahr: 344) ihre ausbildung im berichtsjahr ab, wovon 58,3%;fehlt;fehlt;fehlt;D:\Berichte\HornbachHolding2018_SR.pdf
hornbachholding;2018;fehlt;1;1;0;16.05.2018;fehlt;14;919;4500;0;bericht.*vorjahr;bericht vorjahr;im berichtsjahr betrug die fluktuationsrate3 11,9 % (vorjahr 10,6%);fehlt;fehlt;fehlt;D:\Berichte\HornbachHolding2018_SR.pdf
indus;2017;fehlt;1;0;1;09.11.2020;fehlt;16;1580;7047;0;daten.*vorjahr;daten vorjahr;fern daten für das vorjahr vorliegen);fehlt;fehlt;fehlt;D:\Berichte\Indus2017_NFE.pdf
indus;2017;fehlt;1;0;1;09.11.2020;fehlt;16;1580;7047;0;vorjahr.*wert;vorjahr wert;reinigung der vorjahreswerte um effekte aus veränderungen;fehlt;fehlt;fehlt;D:\Berichte\Indus2017_NFE.pdf
k+s. ag_sr_;2010;fehlt;1;1;0;18.03.2011;fehlt;150;6423;45456;1;bereinig.*zahl;bereinig zahl;1  die bereinigten kennzahlen beinhalten unverändert lediglich das realisierte ergebnis aus operativen, antizipativen sicherungs-geschäften der jeweiligen berichtsperiode;fehlt;fehlt;fehlt;D:\Berichte\k+s. AG_SR_2010.pdf
k+s. ag_sr_;2010;fehlt;1;1;0;18.03.2011;fehlt;150;6423;45456;1;wert.*bereinig;wert bereinig;die marktwertveränderungen der noch ausstehenden, operativen, antizipativen sicherungsgeschäfte werden hingegen in den bereinigten ergebnissen nicht berücksichtigt;fehlt;fehlt;fehlt;D:\Berichte\k+s. AG_SR_2010.pdf
k+s. ag_sr_;2010;fehlt;1;1;0;18.03.2011;fehlt;150;6423;45456;1;bereinig.*zahl;bereinig zahl;1  die bereinigten kennzahlen beinhalten unverändert lediglich das realisierte ergebnis aus operativen, antizipativen sicherungs-geschäften der jeweiligen berichtsperiode;fehlt;fehlt;fehlt;D:\Berichte\k+s. AG_SR_2010.pdf
k+s. ag_sr_;2010;fehlt;1;1;0;18.03.2011;fehlt;150;6423;45456;1;wert.*bereinig;wert bereinig;die marktwertveränderungen der noch ausstehenden, operativen, antizipativen sicherungsgeschäfte werden hingegen in den bereinigten ergebnissen nicht berücksichtigt;fehlt;fehlt;fehlt;D:\Berichte\k+s. AG_SR_2010.pdf
k+s. ag_sr_;2010;fehlt;1;1;0;18.03.2011;fehlt;150;6423;45456;1;daten.*aktualisier;daten aktualisier;gruppenweit stehen zu unse-ren produkten relevante sicherheitsinformationen in produktdatenbanken sowie laufend aktualisierte sicher-heitsdatenblätter bereit;fehlt;fehlt;fehlt;D:\Berichte\k+s. AG_SR_2010.pdf
k+s. ag_sr_;2010;fehlt;1;1;0;18.03.2011;fehlt;150;6423;45456;1;wert.*vorjahr;wert vorjahr;€ – eine verdreifachung gegenüber dem wert des vorjahres /  k+s gruppe mit attraktiven perspektiven /  k+s-aktie legte im jahr 2010 um 40,9 % zu;fehlt;fehlt;fehlt;D:\Berichte\k+s. AG_SR_2010.pdf
k+s. ag_sr_;2010;fehlt;1;1;0;18.03.2011;fehlt;150;6423;45456;1;bericht.*vorjahr;bericht vorjahr;zu beginn des berichtsjahres stieg die nachfrage des handels auf der nordhalbkugel wieder erheblich an, um die nach der kaufzurückhaltung des vorjahres sehr niedrigen düngemittellagerbestände im vorfeld der frühjahrssai-son wieder aufzufüllen;fehlt;fehlt;fehlt;D:\Berichte\k+s. AG_SR_2010.pdf
k+s. ag_sr_;2010;fehlt;1;1;0;18.03.2011;fehlt;150;6423;45456;1;wert.*vorjahr;wert vorjahr;€ erzielt, dieser lag um 40 % über dem wert des vorjahres;fehlt;fehlt;fehlt;D:\Berichte\k+s. AG_SR_2010.pdf
k+s. ag_sr_;2010;fehlt;1;1;0;18.03.2011;fehlt;150;6423;45456;1;bereinig.*bericht;bereinig bericht;zur besseren vergleichbarkeit weisen wir zusätzlich ein bereinigtes konzernergebnis aus, das nur das reali-sierte ergebnis aus operativen, antizipativen sicherungs-geschäften der jeweiligen berichtsperiode enthält;fehlt;fehlt;fehlt;D:\Berichte\k+s. AG_SR_2010.pdf
k+s. ag_sr_;2010;fehlt;1;1;0;18.03.2011;fehlt;150;6423;45456;1;wert.*vorjahr;wert vorjahr;€ über dem wert des vorjahres (2009: 93,6 mio;fehlt;fehlt;fehlt;D:\Berichte\k+s. AG_SR_2010.pdf
k+s. ag_sr_;2010;fehlt;1;1;0;18.03.2011;fehlt;150;6423;45456;1;bereinig.*bericht;bereinig bericht;die bereinigte konzernsteu-erquote betrug im berichtsjahr 26,2 % nach 23,6 % im vorjahr;fehlt;fehlt;fehlt;D:\Berichte\k+s. AG_SR_2010.pdf
k+s. ag_sr_;2010;fehlt;1;1;0;18.03.2011;fehlt;150;6423;45456;1;wert.*bereinig;wert bereinig;wertschöpfungbereinigt 1;fehlt;fehlt;fehlt;D:\Berichte\k+s. AG_SR_2010.pdf
k+s. ag_sr_;2010;fehlt;1;1;0;18.03.2011;fehlt;150;6423;45456;1;bereinig.*wert;bereinig wert;1 bereinigt um den effekt der marktwertveränderungen aus sicherungsgeschäften;fehlt;fehlt;fehlt;D:\Berichte\k+s. AG_SR_2010.pdf
k+s. ag_sr_;2010;fehlt;1;1;0;18.03.2011;fehlt;150;6423;45456;1;wert.*bereinig;wert bereinig;wertschöpfungbereinigt 1;fehlt;fehlt;fehlt;D:\Berichte\k+s. AG_SR_2010.pdf
k+s. ag_sr_;2010;fehlt;1;1;0;18.03.2011;fehlt;150;6423;45456;1;bereinig.*wert;bereinig wert;1  bereinigt um den latenten steuerbetrag auf den marktwerteffekt aus sicherungsgeschäften;fehlt;fehlt;fehlt;D:\Berichte\k+s. AG_SR_2010.pdf
k+s. ag_sr_;2010;fehlt;1;1;0;18.03.2011;fehlt;150;6423;45456;1;bereinig.*vorjahr;bereinig vorjahr;bereinigt um den effekt der konsolidierung von morton salt lag das investitionsvolumen in etwa auf dem niveau des vorjahres;fehlt;fehlt;fehlt;D:\Berichte\k+s. AG_SR_2010.pdf
k+s. ag_sr_;2010;fehlt;1;1;0;18.03.2011;fehlt;150;6423;45456;1;vorjahr.*wert;vorjahr wert;das operative ergebnis ebit i sollte im geschäftsjahr 2011 im vergleich zum vorjahreswert deutlich zulegen;fehlt;fehlt;fehlt;D:\Berichte\k+s. AG_SR_2010.pdf
k+s. ag_sr_;2010;fehlt;1;1;0;18.03.2011;fehlt;150;6423;45456;1;wert.*vorjahr;wert vorjahr;€ über dem wert des vorjahres;fehlt;fehlt;fehlt;D:\Berichte\k+s. AG_SR_2010.pdf
k+s. ag_sr_;2010;fehlt;1;1;0;18.03.2011;fehlt;150;6423;45456;1;^\d+\W*vorjahr;vorjahr;205 € (vorjahr: 57;fehlt;fehlt;fehlt;D:\Berichte\k+s. AG_SR_2010.pdf
k+s. ag_sr_;2010;fehlt;1;1;0;18.03.2011;fehlt;150;6423;45456;1;standard.*anpass;standard anpass;allerdings hat k+s gruppenweit mindest-standards bezüglich höhe und anpassung der vergü-tung definiert;fehlt;fehlt;fehlt;D:\Berichte\k+s. AG_SR_2010.pdf
k+s. ag_sr_;2010;fehlt;1;1;0;18.03.2011;fehlt;150;6423;45456;1;bericht.*vorjahr;bericht vorjahr;8  vergleichbarkeit der bericht-erstattung zum vorjahr;fehlt;fehlt;fehlt;D:\Berichte\k+s. AG_SR_2010.pdf
k+s. ag_sr_;2010;fehlt;1;1;0;18.03.2011;fehlt;150;6423;45456;1;daten.*vorjahr;daten vorjahr;9 methoden der datenerhebung neben den aktuellen kennzahlen bieten wir in der regel den vergleich zum vorjahr;fehlt;fehlt;fehlt;D:\Berichte\k+s. AG_SR_2010.pdf
k+s. ag_sr_;2010;fehlt;1;1;0;18.03.2011;fehlt;150;6423;45456;1;bereinig.*zahl;bereinig zahl;1  die bereinigten kennzahlen beinhalten unverändert lediglich das realisierte ergebnis aus operativen, antizipativen sicherungs-geschäften der jeweiligen berichtsperiode;fehlt;fehlt;fehlt;D:\Berichte\k+s. AG_SR_2010.pdf
k+s. ag_sr_;2010;fehlt;1;1;0;18.03.2011;fehlt;150;6423;45456;1;wert.*bereinig;wert bereinig;die marktwertveränderungen der noch ausstehenden, operativen, antizipativen sicherungsgeschäfte werden hingegen in den bereinigten ergebnissen nicht berücksichtigt;fehlt;fehlt;fehlt;D:\Berichte\k+s. AG_SR_2010.pdf
krones ag_nfe_;2018;fehlt;1;0;1;08.04.2019;fehlt;57;5778;17343;1;zahl.*aktualisier;zahl aktualisier;ziel ist es, in den nächsten jahren eine konzernweite kennzahl für direkte und indirekte treibhausgasemissionen zu etablieren, die als indika­tor für ein aktualisiertes, konzernweites reduktionsziel fungiert;fehlt;fehlt;fehlt;D:\Berichte\krones AG_NFE_2018.pdf
krones ag_sr_.;2010;fehlt;1;1;0;01.06.2011;fehlt;88;3598;22745;1;wert.*vorjahr;wert vorjahr;ein grund hierfür war neben dem extrem niedrigen wert des vorjahres, dass 2010 reinigungsarbeiten anfielen, die nur im mehrjahresrhythmus durchgeführt werden;fehlt;fehlt;fehlt;D:\Berichte\krones AG_SR_.2010.pdf
krones ag_sr_.;2010;fehlt;1;1;0;01.06.2011;fehlt;88;3598;22745;1;bericht.*vorjahr;bericht vorjahr;im berichtsjahr steigerte krones die ausgaben für die externe weiterbildung der  mitarbeiter gegenüber dem vorjahr von 1,4 mio;fehlt;fehlt;fehlt;D:\Berichte\krones AG_SR_.2010.pdf
krones ag_sr_.;2010;fehlt;1;1;0;01.06.2011;fehlt;88;3598;22745;1;vorjahr.*wert;vorjahr wert;der vergleichbare vorjahreswert lag bei 12,0 %;fehlt;fehlt;fehlt;D:\Berichte\krones AG_SR_.2010.pdf
krones ag_sr_.;2010;fehlt;1;1;0;01.06.2011;fehlt;88;3598;22745;1;wert.*angepasst;wert angepasst;vorjahreswerte wurden angepasst, da die auszubildenden nicht mehr in die berechnung eingehen;fehlt;fehlt;fehlt;D:\Berichte\krones AG_SR_.2010.pdf
krones ag_sr_.;2010;fehlt;1;1;0;01.06.2011;fehlt;88;3598;22745;1;wert.*angepasst;wert angepasst;hierbei ist zu berücksichtigen, dass die vorjahreswerte angepasst wurden, da die auszubildenden nicht mehr in die berechnung eingehen;fehlt;fehlt;fehlt;D:\Berichte\krones AG_SR_.2010.pdf
krones ag_sr_.;2010;fehlt;1;1;0;01.06.2011;fehlt;88;3598;22745;1;bericht.*vorjahr;bericht vorjahr;in führungspositionen  betrug der frauenanteil im berichtsjahr 3,9 % nach 4,9 % im vorjahr;fehlt;fehlt;fehlt;D:\Berichte\krones AG_SR_.2010.pdf
krones ag_sr_.;2010;fehlt;1;1;0;01.06.2011;fehlt;88;3598;22745;1;wert.*vorjahr;wert vorjahr;die zahl der mitarbeiter unter  25 jahren liegt deutlich unter dem wert des vorjahres, da seit 2010  die auszubildenden nicht mehr  erfasst werden;fehlt;fehlt;fehlt;D:\Berichte\krones AG_SR_.2010.pdf
krones ag_sr_.;2010;fehlt;1;1;0;01.06.2011;fehlt;88;3598;22745;1;zahl.*vorjahr;zahl vorjahr;mit 150 war die teilnehmerinnenzahl in allen deutschen werken doppelt so hoch wie im vorjahr;fehlt;fehlt;fehlt;D:\Berichte\krones AG_SR_.2010.pdf
krones ag_sr_.;2010;fehlt;1;1;0;01.06.2011;fehlt;88;3598;22745;1;wert.*angepasst;wert angepasst;auch hier ist zu berücksichtigen, dass die vorjahreswerte angepasst wurden, da die auszubildenden nicht mehr in die berech-nung eingehen;fehlt;fehlt;fehlt;D:\Berichte\krones AG_SR_.2010.pdf
krones ag_sr_.;2011;fehlt;1;1;0;18.06.2012;fehlt;105;4231;28402;1;bericht.*aktualisier;bericht aktualisier;zudem wurden  die inhalte des kurz darauf erscheinenden csr-berichts 2010 erläutert, aktualisiert und ergänzt;fehlt;fehlt;fehlt;D:\Berichte\krones AG_SR_.2011.pdf
krones ag_sr_.;2011;fehlt;1;1;0;18.06.2012;fehlt;105;4231;28402;1;wert.*vorjahr;wert vorjahr;€ umsatz lag im berichtszeit-raum wieder deutlich unter dem hohen wert des vorjahres;fehlt;fehlt;fehlt;D:\Berichte\krones AG_SR_.2011.pdf
krones ag_sr_.;2011;fehlt;1;1;0;18.06.2012;fehlt;105;4231;28402;1;wert.*vorjahr;wert vorjahr;das abfallaufkommen, das der beseitigung zugeführt werden muss und nicht  wiederverwertet werden kann, fiel im berichtsjahr auf 523 t (vorjahr: 594 t);fehlt;fehlt;fehlt;D:\Berichte\krones AG_SR_.2011.pdf
krones ag_sr_.;2011;fehlt;1;1;0;18.06.2012;fehlt;105;4231;28402;1;^\d+\W*vorjahr;vorjahr;389 (vorjahr: 10;fehlt;fehlt;fehlt;D:\Berichte\krones AG_SR_.2011.pdf
krones ag_sr_.;2011;fehlt;1;1;0;18.06.2012;fehlt;105;4231;28402;1;bericht.*vorjahr;bericht vorjahr;krones erhöhte im berichtsjahr die ausgaben für die externe weiterbildung  der mitarbeiter gegenüber dem vorjahr von 1,9 auf 3,1 mio;fehlt;fehlt;fehlt;D:\Berichte\krones AG_SR_.2011.pdf
krones ag_sr_.;2011;fehlt;1;1;0;18.06.2012;fehlt;105;4231;28402;1;^\d+\W*vorjahr;vorjahr;700 (vorjahr: 14;fehlt;fehlt;fehlt;D:\Berichte\krones AG_SR_.2011.pdf
krones ag_sr_.;2011;fehlt;1;1;0;18.06.2012;fehlt;105;4231;28402;1;^\d+\W*vorjahr;vorjahr;000 (vorjahr: rund 3;fehlt;fehlt;fehlt;D:\Berichte\krones AG_SR_.2011.pdf
krones ag_sr_.;2011;fehlt;1;1;0;18.06.2012;fehlt;105;4231;28402;1;vorjahr.*wert;vorjahr wert;der vergleichbare vorjahreswert lag bei 12,5 %;fehlt;fehlt;fehlt;D:\Berichte\krones AG_SR_.2011.pdf
krones ag_sr_.;2011;fehlt;1;1;0;18.06.2012;fehlt;105;4231;28402;1;bericht.*vorjahr;bericht vorjahr;in führungspositionen betrug der frauenanteil im berichtsjahr 4,7 % nach 3,9 % im vorjahr;fehlt;fehlt;fehlt;D:\Berichte\krones AG_SR_.2011.pdf
krones ag_sr_.;2011;fehlt;1;1;0;18.06.2012;fehlt;105;4231;28402;1;wert.*angepasst;wert angepasst;vorjahreswerte wurden angepasst, da die auszubildenden nicht mehr in die berechnung eingehen;fehlt;fehlt;fehlt;D:\Berichte\krones AG_SR_.2011.pdf
krones ag_sr_.;2011;fehlt;1;1;0;18.06.2012;fehlt;105;4231;28402;1;vorjahr.*wert;vorjahr wert;000 mitarbeiter (> 3 tage ausfallzeit)« liegt krones mit 16,2 (vor-jahr: 18,0) nochmals unter dem vorjahreswert und deutlich besser als der branchen-durchschnitt (siehe chart);fehlt;fehlt;fehlt;D:\Berichte\krones AG_SR_.2011.pdf
krones ag_sr_.;2012;fehlt;1;1;0;25.06.2013;fehlt;128;21336;46649;1;vorjahr.*wert;vorjahr wert;eingang die vorjahreswerte und unsere eigenen erwartungen;fehlt;fehlt;fehlt;D:\Berichte\krones AG_SR_.2012.pdf
krones ag_sr_.;2012;fehlt;1;1;0;25.06.2013;fehlt;128;21336;46649;1;vorjahr.*bericht;vorjahr bericht;damit ist im vergleich zu den vorjahren bei den berichtsgrenzen eine;fehlt;fehlt;fehlt;D:\Berichte\krones AG_SR_.2012.pdf
krones ag_sr_.;2012;fehlt;1;1;0;25.06.2013;fehlt;128;21336;46649;1;daten.*vorjahr;daten vorjahr;die einbindung von daten aus dem vorjahresbericht verzichtet, da diese im gri-leit-;fehlt;fehlt;fehlt;D:\Berichte\krones AG_SR_.2012.pdf
krones ag_sr_.;2012;fehlt;1;1;0;25.06.2013;fehlt;128;21336;46649;1;daten.*vorjahr;daten vorjahr;nungsmethode der gri zugrunde gelegt und die daten für die vorjahre auf eben;fehlt;fehlt;fehlt;D:\Berichte\krones AG_SR_.2012.pdf
krones ag_sr_.;2012;fehlt;1;1;0;25.06.2013;fehlt;128;21336;46649;1;^\Wvorjahr;vorjahr;(vorjahr: 125,5 mio;fehlt;fehlt;fehlt;D:\Berichte\krones AG_SR_.2012.pdf
krones ag_sr_.;2012;fehlt;1;1;0;25.06.2013;fehlt;128;21336;46649;1;zahl.*vorjahr;zahl vorjahr;anzahl der erteilten patente und gebrauchsmuster im vergleich zum vorjahr;fehlt;fehlt;fehlt;D:\Berichte\krones AG_SR_.2012.pdf
krones ag_sr_.;2012;fehlt;1;1;0;25.06.2013;fehlt;128;21336;46649;1;vorjahr.*zahl;vorjahr zahl;umsatz, gegenüber der vorjahreszahl von 45,6 mwh pro mio;fehlt;fehlt;fehlt;D:\Berichte\krones AG_SR_.2012.pdf
krones ag_sr_.;2012;fehlt;1;1;0;25.06.2013;fehlt;128;21336;46649;1;vorjahr.*wert;vorjahr wert;vorjahreswert;fehlt;fehlt;fehlt;D:\Berichte\krones AG_SR_.2012.pdf
krones ag_sr_.;2012;fehlt;1;1;0;25.06.2013;fehlt;128;21336;46649;1;^\Wvorjahr;vorjahr;(vorjahr: 11;fehlt;fehlt;fehlt;D:\Berichte\krones AG_SR_.2012.pdf
krones ag_sr_.;2012;fehlt;1;1;0;25.06.2013;fehlt;128;21336;46649;1;wert.*angepasst;wert angepasst;vorjahreswerte wurden angepasst, da die auszubildenden nicht mehr in die berechnung eingehen;fehlt;fehlt;fehlt;D:\Berichte\krones AG_SR_.2012.pdf
krones ag_sr_.;2013;fehlt;1;1;0;26.05.2014;fehlt;139;18744;60625;1;vorjahr.*wert;vorjahr wert;€ gegenüber dem vorjahr –  erreichte die wertschöpfung bei krones einen neuen höchstwert;fehlt;fehlt;fehlt;D:\Berichte\krones AG_SR_.2013.pdf
krones ag_sr_.;2013;fehlt;1;1;0;26.05.2014;fehlt;139;18744;60625;1;daten.*vorjahr;daten vorjahr;weiterer sitzungs-gegenstand war der neu veröffentlichte csr-bericht 2012, der ein umfangreicheres datenmaterial im vergleich zum vorjahr integriert;fehlt;fehlt;fehlt;D:\Berichte\krones AG_SR_.2013.pdf
krones ag_sr_.;2013;fehlt;1;1;0;26.05.2014;fehlt;139;18744;60625;1;daten.*vorjahr;daten vorjahr;die bestimmung und erhebung der daten basiert auf den internen auswertungen der fachbereiche und erfolgte nach den gleichen verfahrensweisen wie im vorjahr;fehlt;fehlt;fehlt;D:\Berichte\krones AG_SR_.2013.pdf
krones ag_sr_.;2013;fehlt;1;1;0;26.05.2014;fehlt;139;18744;60625;1;bericht.*vorjahr;bericht vorjahr;für die darstellung der aspekte in diesem bericht haben wir uns zunächst auf die infor-mationen des vorjahrs gestützt und diese indikatoren wieder besetzt;fehlt;fehlt;fehlt;D:\Berichte\krones AG_SR_.2013.pdf
krones ag_sr_.;2013;fehlt;1;1;0;26.05.2014;fehlt;139;18744;60625;1;vorjahr.*wert;vorjahr wert;gegenüber dem vorjahr konnte dieser wert um 113 mio;fehlt;fehlt;fehlt;D:\Berichte\krones AG_SR_.2013.pdf
krones ag_sr_.;2013;fehlt;1;1;0;26.05.2014;fehlt;139;18744;60625;1;vorjahr.*wert;vorjahr wert;€) nahezu auf dem hohen vorjahreswert;fehlt;fehlt;fehlt;D:\Berichte\krones AG_SR_.2013.pdf
krones ag_sr_.;2013;fehlt;1;1;0;26.05.2014;fehlt;139;18744;60625;1;anpass.*standard;anpass standard;der zertifizierungsprozess erforderte eine umfangreiche vorbereitung und anpassung aller prozesse an die standards der normen für qualität (din en iso 9001), umwelt (din en iso 14001) sowie arbeitssicherheit ohsas 18001;fehlt;fehlt;fehlt;D:\Berichte\krones AG_SR_.2013.pdf
krones ag_sr_.;2013;fehlt;1;1;0;26.05.2014;fehlt;139;18744;60625;1;daten.*angepasst;daten angepasst;mit der anpassung von templates und der definition einheitlicher datenformate in der übergreifenden dokumentations- und managementsoftware sowie der integration der rechtlichen vorgaben der lokalen behörden wurde das managementsystem an die rahmen-bedingungen in china angepasst;fehlt;fehlt;fehlt;D:\Berichte\krones AG_SR_.2013.pdf
krones ag_sr_.;2013;fehlt;1;1;0;26.05.2014;fehlt;139;18744;60625;1;standard.*anpass;standard anpass;durch die nachrüstung einzelner upgrades kann der kunde den standard seiner maschine an aktuelle ent-wicklungen anpassen;fehlt;fehlt;fehlt;D:\Berichte\krones AG_SR_.2013.pdf
krones ag_sr_.;2013;fehlt;1;1;0;26.05.2014;fehlt;139;18744;60625;1;bereinig.*zahl;bereinig zahl;bereinigt man diese zahl um die in messungen nachvollzoge-nen wirkungsgradverluste des blockheizkraftwerks in höhe von 5;fehlt;fehlt;fehlt;D:\Berichte\krones AG_SR_.2013.pdf
krones ag_sr_.;2013;fehlt;1;1;0;26.05.2014;fehlt;139;18744;60625;1;vorjahr.*wert;vorjahr wert;€ umsatz, gegenüber einem vorjahreswert von 13,08 t;fehlt;fehlt;fehlt;D:\Berichte\krones AG_SR_.2013.pdf
krones ag_sr_.;2013;fehlt;1;1;0;26.05.2014;fehlt;139;18744;60625;1;wert.*vorjahr;wert vorjahr;vergleichswerte zum vorjahr liegen nicht vor;fehlt;fehlt;fehlt;D:\Berichte\krones AG_SR_.2013.pdf
krones ag_sr_.;2013;fehlt;1;1;0;26.05.2014;fehlt;139;18744;60625;1;vorjahr.*wert;vorjahr wert;gegenüber dem vorjahreswert konnten wir beim co2-ausstoß unserer firmenfahr-zeuge eine reduzierung von rund 25 % erreichen;fehlt;fehlt;fehlt;D:\Berichte\krones AG_SR_.2013.pdf
krones ag_sr_.;2013;fehlt;1;1;0;26.05.2014;fehlt;139;18744;60625;1;wert.*vorjahr;wert vorjahr;diesen wert – bei annähernd gleichem fahrzeugbestand im vergleich zum vorjahr – bringen wir in engen zusammenhang mit dem nun ersten kompletten jahr der nutzung des shuttle service für flughafen-fahrten;fehlt;fehlt;fehlt;D:\Berichte\krones AG_SR_.2013.pdf
krones ag_sr_.;2013;fehlt;1;1;0;26.05.2014;fehlt;139;18744;60625;1;wert.*vorjahr;wert vorjahr;dieser wert liegt etwa 1 % unter dem vorjahresniveau;fehlt;fehlt;fehlt;D:\Berichte\krones AG_SR_.2013.pdf
krones ag_sr_.;2013;fehlt;1;1;0;26.05.2014;fehlt;139;18744;60625;1;vorjahr.*wert;vorjahr wert;285 mitarbeitern – dies entspricht  einer steigerung um 2,7 % gegenüber dem vorjahreswert von 11;fehlt;fehlt;fehlt;D:\Berichte\krones AG_SR_.2013.pdf
krones ag_sr_.;2013;fehlt;1;1;0;26.05.2014;fehlt;139;18744;60625;1;vorjahr.*zahl;vorjahr zahl;819 arbeitnehmern einen  leichten rückgang gegenüber dem vorjahr (– 7) aufweist, ist die mitarbeiterzahl der krones gruppe an den deutschen standorten auf 9;fehlt;fehlt;fehlt;D:\Berichte\krones AG_SR_.2013.pdf
krones ag_sr_.;2013;fehlt;1;1;0;26.05.2014;fehlt;139;18744;60625;1;zahl.*vorjahr;zahl vorjahr;wir steigern die zahl der weiblichen auszubildenden kontinuierlich und  erreichten im jahr 2013 einen anteil von 22,1 % (vorjahr 20,4 %);fehlt;fehlt;fehlt;D:\Berichte\krones AG_SR_.2013.pdf
krones ag_sr_.;2013;fehlt;1;1;0;26.05.2014;fehlt;139;18744;60625;1;wert.*vorjahr;wert vorjahr;alle werke mit ausnahme des werks rosenheim weisen signifikant niedrigere werte ge-genüber dem vorjahr auf;fehlt;fehlt;fehlt;D:\Berichte\krones AG_SR_.2013.pdf
krones ag_sr_.;2013;fehlt;1;1;0;26.05.2014;fehlt;139;18744;60625;1;zahl.*vorjahr;zahl vorjahr;die zahlen der vorjahre lagen dort  in den vergangenen drei jahren bei einer 1;fehlt;fehlt;fehlt;D:\Berichte\krones AG_SR_.2013.pdf
krones ag_sr_.;2013;fehlt;1;1;0;26.05.2014;fehlt;139;18744;60625;1;daten.*vorjahr;daten vorjahr;die daten im werk rosenheim wei-sen absolut gesehen zwei unfälle mehr aus im vergleich zum vorjahr;fehlt;fehlt;fehlt;D:\Berichte\krones AG_SR_.2013.pdf
krones ag_sr_.;2014;fehlt;1;1;0;15.06.2015;fehlt;147;22403;50580;1;vorjahr.*daten;vorjahr daten;die vergleichbarkeit unseres berichts mit den vorjahresdaten ist gegeben, da wir;fehlt;fehlt;fehlt;D:\Berichte\krones AG_SR_.2014.pdf
krones ag_sr_.;2014;fehlt;1;1;0;15.06.2015;fehlt;147;22403;50580;1;vorjahr.*wert;vorjahr wert;die darstellung unserer informationen so gestaltet haben, dass vorjahreswerte in;fehlt;fehlt;fehlt;D:\Berichte\krones AG_SR_.2014.pdf
krones ag_sr_.;2014;fehlt;1;1;0;15.06.2015;fehlt;147;22403;50580;1;vorjahr.*wert;vorjahr wert;mäßig gegenüber dem hohen vorjahreswert leicht rückläufi g;fehlt;fehlt;fehlt;D:\Berichte\krones AG_SR_.2014.pdf
krones ag_sr_.;2014;fehlt;1;1;0;15.06.2015;fehlt;147;22403;50580;1;wert.*vorjahr;wert vorjahr;branchenvergleich sehr guten wert von 40,7 prozent (vorjahr: 42,6 prozent);fehlt;fehlt;fehlt;D:\Berichte\krones AG_SR_.2014.pdf
krones ag_sr_.;2014;fehlt;1;1;0;15.06.2015;fehlt;147;22403;50580;1;^\Wvorjahr;vorjahr;(vorjahr: 239,9 mio;fehlt;fehlt;fehlt;D:\Berichte\krones AG_SR_.2014.pdf
krones ag_sr_.;2014;fehlt;1;1;0;15.06.2015;fehlt;147;22403;50580;1;^\Wvorjahr;vorjahr;(vorjahr 120);fehlt;fehlt;fehlt;D:\Berichte\krones AG_SR_.2014.pdf
krones ag_sr_.;2014;fehlt;1;1;0;15.06.2015;fehlt;147;22403;50580;1;bereinig.*daten;bereinig daten;bereinigt man unsere energieverbrauchsdaten um diesen;fehlt;fehlt;fehlt;D:\Berichte\krones AG_SR_.2014.pdf
krones ag_sr_.;2014;fehlt;1;1;0;15.06.2015;fehlt;147;22403;50580;1;daten.*bereinig;daten bereinig;es lässt sich somit ein um die wetterdaten bereinigter effi  zienzgewinn im energie-;fehlt;fehlt;fehlt;D:\Berichte\krones AG_SR_.2014.pdf
krones ag_sr_.;2014;fehlt;1;1;0;15.06.2015;fehlt;147;22403;50580;1;wert.*vorjahr;wert vorjahr;den vergleich des co2-werts nicht nur zum vorjahreswert auf, sondern beziehen;fehlt;fehlt;fehlt;D:\Berichte\krones AG_SR_.2014.pdf
krones ag_sr_.;2014;fehlt;1;1;0;15.06.2015;fehlt;147;22403;50580;1;^\Wvorjahr;vorjahr;(vorjahr: 4;fehlt;fehlt;fehlt;D:\Berichte\krones AG_SR_.2014.pdf
krones ag_sr_.;2014;fehlt;1;1;0;15.06.2015;fehlt;147;22403;50580;1;wert.*vorjahr;wert vorjahr;dieser stagnierende wert im vergleich zum vorjahr;fehlt;fehlt;fehlt;D:\Berichte\krones AG_SR_.2014.pdf
krones ag_sr_.;2014;fehlt;1;1;0;15.06.2015;fehlt;147;22403;50580;1;vorjahr.*bericht;vorjahr bericht;führungsstrukturen einher, wie wir dies im vorjahresbericht angekündigt hatten;fehlt;fehlt;fehlt;D:\Berichte\krones AG_SR_.2014.pdf
krones ag_sr_.;2014;fehlt;1;1;0;15.06.2015;fehlt;147;22403;50580;1;vorjahr.*bericht;vorjahr bericht;im vorjahresbericht mit dem projekt logistik 2015+ bereits angekündigt;fehlt;fehlt;fehlt;D:\Berichte\krones AG_SR_.2014.pdf
krones ag_sr_.;2014;fehlt;1;1;0;15.06.2015;fehlt;147;22403;50580;1;wert.*vorjahr;wert vorjahr;wert von 21,5 prozent (vorjahr: 22,1 prozent);fehlt;fehlt;fehlt;D:\Berichte\krones AG_SR_.2014.pdf
krones ag_sr_.;2014;fehlt;1;1;0;15.06.2015;fehlt;147;22403;50580;1;^\Wvorjahr;vorjahr;(vorjahr 570), die über das weiterbildungsportal gebucht werden können;fehlt;fehlt;fehlt;D:\Berichte\krones AG_SR_.2014.pdf
krones ag_sr_.;2014;fehlt;1;1;0;15.06.2015;fehlt;147;22403;50580;1;vorjahr.*zahl;vorjahr zahl;von drei tagen liegt bei 17,4 (vorjahr: 17,1) und steht einer durchschnittszahl von 38,3;fehlt;fehlt;fehlt;D:\Berichte\krones AG_SR_.2014.pdf
krones ag_sr_.;2015;fehlt;1;1;0;13.06.2016;fehlt;152;9252;36452;1;vorjahr.*bericht;vorjahr bericht;wir werden – wie in den vorjahren – den bericht durch eine externe organisation;fehlt;fehlt;fehlt;D:\Berichte\krones AG_SR_.2015.pdf
krones ag_sr_.;2015;fehlt;1;1;0;13.06.2016;fehlt;152;9252;36452;1;vorjahr.*bericht;vorjahr bericht;(vorjahr: 60,4 %) des konzernumsatzes erwirtschaft eten wir im  berichtszeitraum;fehlt;fehlt;fehlt;D:\Berichte\krones AG_SR_.2015.pdf
krones ag_sr_.;2015;fehlt;1;1;0;13.06.2016;fehlt;152;9252;36452;1;vorjahr.*wert;vorjahr wert;€ überstieg das ergebnis vor steuern (ebt) den vorjahreswert um;fehlt;fehlt;fehlt;D:\Berichte\krones AG_SR_.2015.pdf
krones ag_sr_.;2015;fehlt;1;1;0;13.06.2016;fehlt;152;9252;36452;1;vorjahr.*wert;vorjahr wert;vorjahreswert um 16,4 %;fehlt;fehlt;fehlt;D:\Berichte\krones AG_SR_.2015.pdf
krones ag_sr_.;2015;fehlt;1;1;0;13.06.2016;fehlt;152;9252;36452;1;vorjahr.*wert;vorjahr wert;ende 2015 lag die eigenkapitalquote mit 41,0 % über dem vorjahreswert von 40,7 %;fehlt;fehlt;fehlt;D:\Berichte\krones AG_SR_.2015.pdf
krones ag_sr_.;2015;fehlt;1;1;0;13.06.2016;fehlt;152;9252;36452;1;vorjahr.*bericht;vorjahr bericht;vorjahresverbrauchs mit dem verbrauch im berichtsjahr nur eingeschränkt möglich;fehlt;fehlt;fehlt;D:\Berichte\krones AG_SR_.2015.pdf
krones ag_sr_.;2015;fehlt;1;1;0;13.06.2016;fehlt;152;9252;36452;1;^\Wvorjahr;vorjahr;(vorjahr: 1;fehlt;fehlt;fehlt;D:\Berichte\krones AG_SR_.2015.pdf
krones ag_sr_.;2015;fehlt;1;1;0;13.06.2016;fehlt;152;9252;36452;1;vorjahr.*bericht;vorjahr bericht;vorjahres bericht dargestellt;fehlt;fehlt;fehlt;D:\Berichte\krones AG_SR_.2015.pdf
krones ag_sr_.;2015;fehlt;1;1;0;13.06.2016;fehlt;152;9252;36452;1;^\Wvorjahr;vorjahr;(vorjahr: 1,7 %);fehlt;fehlt;fehlt;D:\Berichte\krones AG_SR_.2015.pdf
krones ag_sr_.;2015;fehlt;1;1;0;13.06.2016;fehlt;152;9252;36452;1;^\Wvorjahr;vorjahr;(vorjahr: 6,0 %);fehlt;fehlt;fehlt;D:\Berichte\krones AG_SR_.2015.pdf
krones ag_sr_.;2016;fehlt;1;1;0;11.06.2017;fehlt;155;6706;37354;1;bericht.*vorjahr;bericht vorjahr;der berichtsumfang bleibt im vergleich zum vorjahr gleich – es wurden keine neuen indikatoren erhoben und in den bericht integriert;fehlt;fehlt;fehlt;D:\Berichte\krones AG_SR_.2016.pdf
krones ag_sr_.;2016;fehlt;1;1;0;11.06.2017;fehlt;155;6706;37354;1;vorjahr.*bericht;vorjahr bericht;wir haben – wie im vorjahr – eine externe prüfung des berichts durch tüv süd beauftragt, um die qualitative und quantitative prüfung unserer informa­tionen durchzuführen;fehlt;fehlt;fehlt;D:\Berichte\krones AG_SR_.2016.pdf
krones ag_sr_.;2016;fehlt;1;1;0;11.06.2017;fehlt;155;6706;37354;1;vorjahr.*bericht;vorjahr bericht;das ergebnis je aktie verbesserte sich von 4,98 € im vorjahr auf 5,40 € im berichtsjahr, das entspricht einer verbesserung um 8,4 %;fehlt;fehlt;fehlt;D:\Berichte\krones AG_SR_.2016.pdf
krones ag_sr_.;2016;fehlt;1;1;0;11.06.2017;fehlt;155;6706;37354;1;vorjahr.*wert;vorjahr wert;€ überstieg das  ergebnis vor steuern (ebt) den  vorjahreswert um 6,4 %;fehlt;fehlt;fehlt;D:\Berichte\krones AG_SR_.2016.pdf
krones ag_sr_.;2016;fehlt;1;1;0;11.06.2017;fehlt;155;6706;37354;1;wert.*vorjahr;wert vorjahr;sowohl die investitionen in  immaterielle vermögenswerte  als auch in sachan lagen haben wir 2016 planmäßig gegenüber dem vorjahr erhöht;fehlt;fehlt;fehlt;D:\Berichte\krones AG_SR_.2016.pdf
krones ag_sr_.;2016;fehlt;1;1;0;11.06.2017;fehlt;155;6706;37354;1;vorjahr.*wert;vorjahr wert;€ umsatz (vorjahr: 16,4) die werte der anderen primärenergieträgern blieben nahezu stabil;fehlt;fehlt;fehlt;D:\Berichte\krones AG_SR_.2016.pdf
krones ag_sr_.;2016;fehlt;1;1;0;11.06.2017;fehlt;155;6706;37354;1;vorjahr.*wert;vorjahr wert;deutlich reduzierter wasserverbrauch nach hohem vorjahreswert;fehlt;fehlt;fehlt;D:\Berichte\krones AG_SR_.2016.pdf
krones ag_sr_.;2016;fehlt;1;1;0;11.06.2017;fehlt;155;6706;37354;1;wert.*vorjahr;wert vorjahr;im jahr 2016 konnten wir den hohen verbrauchswert für wasser aus dem vorjahr wieder auf ein niedrigeres niveau einstellen;fehlt;fehlt;fehlt;D:\Berichte\krones AG_SR_.2016.pdf
krones ag_sr_.;2016;fehlt;1;1;0;11.06.2017;fehlt;155;6706;37354;1;wert.*vorjahr;wert vorjahr;€ umsatz konnten wir unseren  verbrauchswert um 17 % im vergleich zum vorjahreswert reduzieren;fehlt;fehlt;fehlt;D:\Berichte\krones AG_SR_.2016.pdf
krones ag_sr_.;2016;fehlt;1;1;0;11.06.2017;fehlt;155;6706;37354;1;vorjahr.*wert;vorjahr wert;£ die schadstofffrachten blieben – wie in den vorjahren – in allen drei anlagen stets unterhalb der  zulässigen grenzwerte;fehlt;fehlt;fehlt;D:\Berichte\krones AG_SR_.2016.pdf
krones ag_sr_.;2016;fehlt;1;1;0;11.06.2017;fehlt;155;6706;37354;1;vorjahr.*wert;vorjahr wert;im vorjahr hatte der verbrauchs­wert aufgrund eines schadensfalls an unserem rohrleitungssystem und aufgrund einer höheren anzahl von füllversuchen das bisherige  niveau deutlich überstiegen;fehlt;fehlt;fehlt;D:\Berichte\krones AG_SR_.2016.pdf
krones ag_sr_.;2016;fehlt;1;1;0;11.06.2017;fehlt;155;6706;37354;1;bericht.*vorjahr;bericht vorjahr;der ausstoß an voc betrug im berichtsjahr 13,4 t (vorjahr: 11,9 t);fehlt;fehlt;fehlt;D:\Berichte\krones AG_SR_.2016.pdf
krones ag_sr_.;2016;fehlt;1;1;0;11.06.2017;fehlt;155;6706;37354;1;zahl.*vorjahr;zahl vorjahr;£ die zahl der mitarbeiter in einem zeitarbeitsverhältnis wurde auf einen anteil von 12,96 % (vorjahr 13,51 %) in bezug auf die gesamte anzahl der beschäftigten redu­ziert;fehlt;fehlt;fehlt;D:\Berichte\krones AG_SR_.2016.pdf
krones ag_sr_.;2016;fehlt;1;1;0;11.06.2017;fehlt;155;6706;37354;1;vorjahr.*zahl;vorjahr zahl;das entspricht einem anteil von 12,96 % (vorjahr: 13,51 %)  an der anzahl der gesamtbeschäf-tigten;fehlt;fehlt;fehlt;D:\Berichte\krones AG_SR_.2016.pdf
krones ag_sr_.;2016;fehlt;1;1;0;11.06.2017;fehlt;155;6706;37354;1;vorjahr.*vorjahr;vorjahr vorjahr;im jahr 2016 waren 76,6 % der mitarbeiter bei der krones ag in einem tariflichen arbeitsverhältnis (vorjahr: 75,8 %) und 23,4 % (vorjahr: 24,2 %) in  einem außertariflichen arbeitsverhältnis beschäftigt;fehlt;fehlt;fehlt;D:\Berichte\krones AG_SR_.2016.pdf
krones ag_sr_.;2016;fehlt;1;1;0;11.06.2017;fehlt;155;6706;37354;1;zahl.*vorjahr;zahl vorjahr;die zahlen für die einzel­nen regionen blieben im rahmen des  vorjahrs zwischen 4,7 % und 12,7 %;fehlt;fehlt;fehlt;D:\Berichte\krones AG_SR_.2016.pdf
krones ag_sr_.;2016;fehlt;1;1;0;11.06.2017;fehlt;155;6706;37354;1;^\d+\W*vorjahr;vorjahr;200 (vorjahr: 5;fehlt;fehlt;fehlt;D:\Berichte\krones AG_SR_.2016.pdf
krones ag_sr_.;2016;fehlt;1;1;0;11.06.2017;fehlt;155;6706;37354;1;^\d+\W*vorjahr;vorjahr;800  (vorjahr: 16;fehlt;fehlt;fehlt;D:\Berichte\krones AG_SR_.2016.pdf
krones ag_sr_.;2016;fehlt;1;1;0;11.06.2017;fehlt;155;6706;37354;1;zahl.*vorjahr;zahl vorjahr;die anzahl der weiterbildungs­teilnahmen lag 2016 nahezu auf gleichem niveau wie im vorjahr;fehlt;fehlt;fehlt;D:\Berichte\krones AG_SR_.2016.pdf
krones ag_sr_.;2016;fehlt;1;1;0;11.06.2017;fehlt;155;6706;37354;1;vorjahr.*wert;vorjahr wert;die durchschnittliche weiter­bildungszeit pro mitarbeiter lag  im jahr 2016 mit 17,3 stunden  geringfügig unter dem vorjahres­wert von 18,1 stunden;fehlt;fehlt;fehlt;D:\Berichte\krones AG_SR_.2016.pdf
krones ag_sr_.;2016;fehlt;1;1;0;11.06.2017;fehlt;155;6706;37354;1;wert.*vorjahr;wert vorjahr;die ausbildungsquote erreichte  im jahr 2016 den wert von 5,5 % (vorjahr: 5,7 %);fehlt;fehlt;fehlt;D:\Berichte\krones AG_SR_.2016.pdf
krones ag_sr_.;2016;fehlt;1;1;0;11.06.2017;fehlt;155;6706;37354;1;vorjahr.*wert;vorjahr wert;000­mann­quote auf 17,7 reduzieren – ein überdurchschnittlicher erfolg mit einer verringerung um 23,7 % gegenüber dem  vorjahreswert;fehlt;fehlt;fehlt;D:\Berichte\krones AG_SR_.2016.pdf
krones ag_sr_.;2016;fehlt;1;1;0;11.06.2017;fehlt;155;6706;37354;1;vorjahr.*bericht;vorjahr bericht;das erreichten wir nicht zuletzt durch die im vorjahresbericht  ange kündigte verbesserte systematik der gefährdungsbeurteilung;fehlt;fehlt;fehlt;D:\Berichte\krones AG_SR_.2016.pdf
krones ag_sr_.;2017;fehlt;1;1;0;05.06.2018;fehlt;113;5164;24176;1;bericht.*vorjahr;bericht vorjahr;dieser  bericht des vorjahres wurde im mai 2017 für das jahr 2016 erstellt;fehlt;fehlt;fehlt;D:\Berichte\krones AG_SR_.2017.pdf
krones ag_sr_.;2017;fehlt;1;1;0;05.06.2018;fehlt;113;5164;24176;1;bericht.*angepasst;bericht angepasst;parallel dazu haben wir die  regeln der global reporting initiative aufgegriffen und unsere berichterstattung daran angepasst;fehlt;fehlt;fehlt;D:\Berichte\krones AG_SR_.2017.pdf
krones ag_sr_.;2017;fehlt;1;1;0;05.06.2018;fehlt;113;5164;24176;1;bericht.*angepasst;bericht angepasst;parallel dazu haben wir die  regeln der global reporting initiative aufgegriffen und unsere berichterstattung daran angepasst;fehlt;fehlt;fehlt;D:\Berichte\krones AG_SR_.2017.pdf
krones ag_sr_.;2017;fehlt;1;1;0;05.06.2018;fehlt;113;5164;24176;1;bericht.*angepasst;bericht angepasst;parallel dazu haben wir die  regeln der global reporting initiative aufgegriffen und unsere berichterstattung daran angepasst;fehlt;fehlt;fehlt;D:\Berichte\krones AG_SR_.2017.pdf
krones ag_sr_.;2017;fehlt;1;1;0;05.06.2018;fehlt;113;5164;24176;1;bericht.*angepasst;bericht angepasst;parallel dazu haben wir die   regeln der global reporting initiative aufgegriffen und  unsere berichterstattung daran angepasst;fehlt;fehlt;fehlt;D:\Berichte\krones AG_SR_.2017.pdf
krones ag_sr_.;2017;fehlt;1;1;0;05.06.2018;fehlt;113;5164;24176;1;bericht.*vorjahr;bericht vorjahr;im vergleich zum bericht des vorjahrs haben wir einige veränderungen vorgenom­men;fehlt;fehlt;fehlt;D:\Berichte\krones AG_SR_.2017.pdf
krones ag_sr_.;2017;fehlt;1;1;0;05.06.2018;fehlt;113;5164;24176;1;bericht.*aktualisier;bericht aktualisier;wir haben daher alle aktivitäten rund um die berichterstattung zur nachhaltigkeit neu hinterfragt und aktualisiert;fehlt;fehlt;fehlt;D:\Berichte\krones AG_SR_.2017.pdf
krones ag_sr_.;2017;fehlt;1;1;0;05.06.2018;fehlt;113;5164;24176;1;aktualisier.*bericht;aktualisier bericht;der prozess zur aktualisierung der wesentlichen themen wird im aktuellen  bericht auf seite 30 dargestellt;fehlt;fehlt;fehlt;D:\Berichte\krones AG_SR_.2017.pdf
krones ag_sr_.;2017;fehlt;1;1;0;05.06.2018;fehlt;113;5164;24176;1;vorjahr.*standard;vorjahr standard;wie im vorjahr wurde der bericht einer externen prüfung durch tüv süd unterzogen – die entsprechenden prüfkriterien und zugrunde gelegten standards sind im testat der prüforganisation (siehe umschlagseite) dargestellt;fehlt;fehlt;fehlt;D:\Berichte\krones AG_SR_.2017.pdf
krones ag_sr_.;2017;fehlt;1;1;0;05.06.2018;fehlt;113;5164;24176;1;vorjahr.*bericht;vorjahr bericht;auch in den vorjahren haben wir bereits ausführlich über die aktivitäten zur  verbesserung des anteils weiblicher mitarbeiter berichtet;fehlt;fehlt;fehlt;D:\Berichte\krones AG_SR_.2017.pdf
krones ag_sr_.;2017;fehlt;1;1;0;05.06.2018;fehlt;113;5164;24176;1;vorjahr.*zahl;vorjahr zahl;im  vergleich zum vorjahr steigerten wir unsere mitarbeiteranzahl  um 1,6 %;fehlt;fehlt;fehlt;D:\Berichte\krones AG_SR_.2017.pdf
krones ag_sr_.;2017;fehlt;1;1;0;05.06.2018;fehlt;113;5164;24176;1;zahl.*vorjahr;zahl vorjahr;diese zahl schließt auch die über­nahme von 162 zeitarbeitskräften ein  (vorjahr: 133);fehlt;fehlt;fehlt;D:\Berichte\krones AG_SR_.2017.pdf
krones ag_sr_.;2017;fehlt;1;1;0;05.06.2018;fehlt;113;5164;24176;1;wert.*vorjahr;wert vorjahr;der anteil neu eingestellter weib­licher mitarbeiter erreichte den wert von 20 % (vorjahr: 17 %);fehlt;fehlt;fehlt;D:\Berichte\krones AG_SR_.2017.pdf
krones ag_sr_.;2017;fehlt;1;1;0;05.06.2018;fehlt;113;5164;24176;1;anpass.*wert;anpass wert;£ die neuregelung der arbeitszeitkonten im jahr 2017 umfasste eine anpassung der zeitwertkonten und der bisherigen regelung zur samstagsarbeit;fehlt;fehlt;fehlt;D:\Berichte\krones AG_SR_.2017.pdf
krones ag_sr_.;2017;fehlt;1;1;0;05.06.2018;fehlt;113;5164;24176;1;zahl.*vorjahr;zahl vorjahr;die anzahl der männlichen mitarbeiter mit einem teilzeitarbeitsplatz liegt nun im jahr 2017 bei 26,4 % bezogen auf alle mitarbeiter in einem teilzeitarbeitsverhältnis (vorjahr 23,2 %);fehlt;fehlt;fehlt;D:\Berichte\krones AG_SR_.2017.pdf
krones ag_sr_.;2017;fehlt;1;1;0;05.06.2018;fehlt;113;5164;24176;1;vorjahr.*vorjahr;vorjahr vorjahr;5,7 % aller mitarbeiter arbeiten auf basis einer teilzeitverein barung, 136 davon sind männliche mit­arbeiter (vorjahr: 109), ein anteil von 26,4 % (vorjahr 23,2 %);fehlt;fehlt;fehlt;D:\Berichte\krones AG_SR_.2017.pdf
krones ag_sr_.;2017;fehlt;1;1;0;05.06.2018;fehlt;113;5164;24176;1;wert.*vorjahr;wert vorjahr;£ bei männlichen mitarbeitern lag die quote bei 22,4 (vorjahr: 20,1) und bei weib­lichen mitarbeitern errechneten wir einen wert von 2,9 (vorjahr: 3,8);fehlt;fehlt;fehlt;D:\Berichte\krones AG_SR_.2017.pdf
krones ag_sr_.;2017;fehlt;1;1;0;05.06.2018;fehlt;113;5164;24176;1;wert.*vorjahr;wert vorjahr;£ die durchschnittliche anzahl der abwesenheitstage nach arbeitsunfall  verbesserte sich auf einen wert von 11,5 (vorjahr: 13,9);fehlt;fehlt;fehlt;D:\Berichte\krones AG_SR_.2017.pdf
krones ag_sr_.;2017;fehlt;1;1;0;05.06.2018;fehlt;113;5164;24176;1;wert.*vorjahr;wert vorjahr;bei den männlichen mit­arbeitern lag der wert bei 11,7 (vorjahr: 14,1), bei den weiblichen mitarbeitern  wurden 4,25 abwesenheitstage pro arbeitsunfall vermerkt (vorjahr: 7);fehlt;fehlt;fehlt;D:\Berichte\krones AG_SR_.2017.pdf
krones ag_sr_.;2017;fehlt;1;1;0;05.06.2018;fehlt;113;5164;24176;1;vorjahr.*vorjahr;vorjahr vorjahr;£ 2017 schrieben 259 hochschulabsolventen bei krones ihre abschlussarbeit   (vorjahr: 280) und 677 studenten konnten über einen praktikumsplatz erfahrung für ihr künftiges berufsleben sammeln (vorjahr: 720);fehlt;fehlt;fehlt;D:\Berichte\krones AG_SR_.2017.pdf
krones ag_sr_.;2017;fehlt;1;1;0;05.06.2018;fehlt;113;5164;24176;1;zahl.*aktualisier;zahl aktualisier;unser upgrade-angebot bietet für  zahlreiche  maschinen gute aktualisierungs-möglichkeiten;fehlt;fehlt;fehlt;D:\Berichte\krones AG_SR_.2017.pdf
krones ag_sr_.;2017;fehlt;1;1;0;05.06.2018;fehlt;113;5164;24176;1;vorjahr.*bericht;vorjahr bericht;wir setzen damit die in den vorjahren begonnene berichterstattung und darstellung unserer schwerpunktthemen fort;fehlt;fehlt;fehlt;D:\Berichte\krones AG_SR_.2017.pdf
krones ag_sr_.;2017;fehlt;1;1;0;05.06.2018;fehlt;113;5164;24176;1;wert.*vorjahr;wert vorjahr;€ umsatz liegt der wert nun bei 33,6 mwh (vorjahr: 36,3 mwh);fehlt;fehlt;fehlt;D:\Berichte\krones AG_SR_.2017.pdf
krones ag_sr_.;2017;fehlt;1;1;0;05.06.2018;fehlt;113;5164;24176;1;vorjahr.*wert;vorjahr wert;€ umsatz (vorjahr: 34 m3) der ab­solutwert zeigt einen anstieg um 11,9 %;fehlt;fehlt;fehlt;D:\Berichte\krones AG_SR_.2017.pdf
krones ag_sr_.;2017;fehlt;1;1;0;05.06.2018;fehlt;113;5164;24176;1;vorjahr.*vorjahr;vorjahr vorjahr;£ im jahr 2017 setzten wir 40,2 kg des stoffes r227ea ein (vorjahr: 46,7 kg) mit  emissionen in höhe von 134,8 t co2­äquivalent (vorjahr: 156,2 t);fehlt;fehlt;fehlt;D:\Berichte\krones AG_SR_.2017.pdf
krones ag_sr_.;2017;fehlt;1;1;0;05.06.2018;fehlt;113;5164;24176;1;vorjahr.*vorjahr;vorjahr vorjahr;dazu kommt noch r365mfc mit einer menge von 269,2 kg (vorjahr: 305,5 kg) und einem co2­äquivalent von 216,4 t (vorjahr: 245,6 t);fehlt;fehlt;fehlt;D:\Berichte\krones AG_SR_.2017.pdf
krones ag_sr_.;2017;fehlt;1;1;0;05.06.2018;fehlt;113;5164;24176;1;vorjahr.*wert;vorjahr wert;997 t liegt die abfallmenge um 296 t über dem vorjahres­wert;fehlt;fehlt;fehlt;D:\Berichte\krones AG_SR_.2017.pdf
krones ag_sr_.;2017;fehlt;1;1;0;05.06.2018;fehlt;113;5164;24176;1;wert.*vorjahr;wert vorjahr;711 t bei den abfällen  zur verwertung und 286 t bei den  abfällen zur beseitigung liegen  wir annähernd im korridor der  vorjahreszahlen;fehlt;fehlt;fehlt;D:\Berichte\krones AG_SR_.2017.pdf
ksb;2017;fehlt;1;0;1;09.11.2020;fehlt;10;1106;3920;0;bericht.*aktualisier;bericht aktualisier;unsere im berichtsjahr aktualisierten;fehlt;fehlt;fehlt;D:\Berichte\KSB2017_NFE.pdf
zalando se_nfe_;2018;fehlt;1;0;1;17.11.2019;fehlt;36;2739;12828;1;standard.*aktualisier;standard aktualisier;tende herausforderungen zu lösen, standards regelmäßig zu aktualisieren und detaillierte vorgaben;fehlt;fehlt;fehlt;D:\Berichte\Zalando SE_NFE_2018.pdf
zalando se_nfe_;2018;fehlt;1;0;1;17.11.2019;fehlt;36;2739;12828;1;standard.*angepasst;standard angepasst;gramm an die standards dieses projekts angepasst, um der in unserer branche verbreiteten audit-;fehlt;fehlt;fehlt;D:\Berichte\Zalando SE_NFE_2018.pdf
zalando se_nfe_;2018;fehlt;1;0;1;17.11.2019;fehlt;36;2739;12828;1;wert.*korrektur;wert korrektur;erhalten die produktionsstätten eine bewertung und einen katalog mit korrekturmaßnahmen;fehlt;fehlt;fehlt;D:\Berichte\Zalando SE_NFE_2018.pdf
zalando se_nfe_;2018;fehlt;1;0;1;17.11.2019;fehlt;36;2739;12828;1;aktualisier.*standard;aktualisier standard;gemäß unserer aktualisierten ethischen beschaffungsstandards werden wir ab der herbst- / winter-;fehlt;fehlt;fehlt;D:\Berichte\Zalando SE_NFE_2018.pdf
zooplus;2020;DE0005111702;1;0;1;08.09.2021;fehlt;13;528;6229;1;aktualisier.*wert;aktualisier wert;im rahmen der im geschäftsjahr 2020 durchgeführten aktualisierung der wesentlichkeitsanalyse aus dem jahr 2018 erfolgte eine unabhängige bewertung aller für zooplus relevanten nichtfinanziellen aspekte, die für eine nachhaltige geschäftsentwick-lung sowohl aus konzernsicht als auch aus sicht der jeweiligen externen zielgruppen (kunden, geschäftspartner, mitarbeiter, aktionäre, lieferanten sowie der breiten öffentlichkeit) wesentlich sind;fehlt;fehlt;fehlt;D:\Berichte\zooplus2020_NFB.pdf
zooplus;2020;DE0005111702;1;0;1;08.09.2021;fehlt;13;528;6229;1;wert.*vorjahr;wert vorjahr;die fluktuationsrate bei zooplus lag im abgelaufenen geschäftsjahr bei 11,1 % und konnte somit signifikant gegen-über dem wert des vorjahres (16,4%) reduziert werden;fehlt;fehlt;fehlt;D:\Berichte\zooplus2020_NFB.pdf
zooplus;2020;DE0005111702;1;0;1;08.09.2021;fehlt;13;528;6229;1;daten.*anpass;daten anpass;konnten anfragen der datenschutzbehörden durch stellungnahmen und etwaige anpassungen beantwortet werden;fehlt;fehlt;fehlt;D:\Berichte\zooplus2020_NFB.pdf
